DataSeries,2025,2024,2023,2022,2021,2020,2019,2018,2017,2016,2015,2014,2013,2012,2011,2010,2009,2008,2007,2006,2005,2004,2003,2002,2001,2000,1999,1998,1997,1996,1995,1994,1993,1992,1991,1990,1989,1988,1987,1986,1985,1984,1983,1982,1981,1980,1979,1978,1977,1976,1975,1974,1973,1972,1971,1970,1969,1968,1967,1966,1965,1964,1963,1962,1961,1960,1959,1958,1957
Total Population,6111175,6036860,5917648,5637022,5453566,5685807,5703569,5638676,5612253,5607283,5535002,5469724,5399162,5312437,5183688,5076732,4987573,4839396,4588599,4401365,4265762,4166664,4114826,4175950,4138012,4027887,3958723,3927213,3796038,3670704,3524506,3419048,3313471,3230698,3135083,3047132,2930901,2846108,2774789,2733373,2735957,2732221,2681061,2646466,2532835,2413945,2383500,2353600,2325300,2293300,2262600,2229800,2193000,2152400,2112900,2074507,2042500,2012000,1977600,1934400,1886900,1841600,1795000,1750200,1702400,1646400,1587200,1518800,1445929
    0 - 14 Years,668605,677425,681459,675638,670531,688984,694083,693674,696073,697821,700306,701810,703792,708720,709668,714585,722195,722878,724992,728914,734890,739771,753742,768070,763598,753826,755608,749832,741625,731292,721516,709382,695902,681582,667304,649257,na,na,na,na,na,na,na,na,na,653123,669700,688900,709300,726500,745900,764500,777700,788100,797100,804836,835000,844600,848500,844500,833100,824100,811000,796700,780000,747600,705500,664500,619104
    15 - 64 Years,4576167,4530831,4451242,4226527,4087584,4320933,4368610,4340925,4347598,4372906,4328454,4291920,4247923,4184350,4084277,3987998,3899786,3766724,3526160,3348396,3224772,3137395,3088545,3133976,3108684,3017846,2961569,2946100,2832087,2725057,2596174,2510929,2426927,2366303,2292926,2228813,na,na,na,na,na,na,na,na,na,1646898,1604000,1558800,1514900,1470000,1425200,1376600,1332000,1285400,1242100,1200307,1147000,1109700,1074500,1038500,1005900,971800,940200,912100,883600,861300,846000,820600,795764
    65 Years & Over,866403,828604,784947,734857,695451,675890,640876,604077,568582,536556,506242,475994,447447,419367,389743,374149,365592,349794,337447,324055,306100,289498,272539,273904,265730,256215,241546,231281,222326,214355,206816,198738,190642,182813,174853,169062,na,na,na,na,na,na,na,na,na,113924,109800,105900,101100,96800,91500,88700,83300,78900,73700,69364,60500,57700,54600,51400,47900,45700,43800,41400,38800,37500,35700,33700,31061
Total Male Population,3142716,3103862,3051224,2890541,2771567,2912155,2926359,2893284,2897264,2920951,2891101,2864408,2824655,2765614,2690534,2641339,2602010,2522443,2357214,2236468,2155785,2103486,2081146,2129310,2119909,2066198,2036630,2039112,1958588,1883722,1789873,1733109,1674802,1631430,1583279,1534008,na,na,na,na,na,na,na,na,na,1231760,1216300,1201400,1187300,1171300,1156100,1139700,1121400,1101100,1081200,1062127,1046900,1034100,1017400,995800,973800,951500,929300,909500,886500,859600,830800,797600,762760
    0 - 14 Years,343135,347395,349387,346234,344164,353100,355638,355654,356764,357709,359115,360167,361488,363972,364629,367231,371479,372127,373567,375486,378821,381741,389108,396643,394481,389421,390364,387575,383826,378691,373684,367544,360703,353258,346262,336597,na,na,na,na,na,na,na,na,na,337474,345700,355300,365300,374100,384100,393700,400900,405800,409400,413471,424400,429900,432800,430200,424500,420200,414000,408000,399700,383600,362500,342500,319961
    15 - 64 Years,2405364,2379823,2345368,2210238,2112426,2253450,2281276,2265857,2285455,2323009,2306077,2292707,2265175,2216693,2154890,2110319,2070331,1997370,1836200,1719138,1643100,1595074,1572891,1611114,1607349,1562830,1538658,1548299,1475651,1409560,1324118,1277135,1229253,1196706,1158916,1121758,na,na,na,na,na,na,na,na,na,843084,821200,798400,776200,753300,730800,705900,683000,660000,638700,618067,596400,579500,561800,544400,530000,512900,497400,485500,471400,461200,454000,441900,430453
    65 Years & Over,394217,376644,356469,334069,314977,305605,289445,271773,255045,240233,225909,211534,197992,184949,171015,163789,160200,152946,147447,141844,133864,126671,119147,121553,118079,113947,107608,103238,99111,95471,92072,88429,84846,81467,78101,75653,na,na,na,na,na,na,na,na,na,51202,49400,47700,45800,43900,41200,40100,37500,35300,33100,30589,26100,24700,22800,21200,19300,18400,17900,16000,15400,14800,14300,13200,12346
Total Female Population,2968459,2932998,2866424,2746481,2681999,2773652,2777210,2745392,2714989,2686332,2643901,2605316,2574507,2546823,2493154,2435393,2385563,2316953,2231385,2164897,2109977,2063178,2033680,2046640,2018103,1961689,1922093,1888101,1837450,1786981,1734633,1685940,1638669,1599268,1551804,1513124,na,na,na,na,na,na,na,na,na,1182185,1167200,1152200,1138000,1122000,1106500,1090100,1071600,1051300,1031700,1012380,995600,977900,960200,938600,913100,890100,865700,840700,815900,786800,756400,721200,683169
    0 - 14 Years,325470,330030,332072,329404,326367,335884,338445,338020,339309,340112,341191,341643,342304,344748,345039,347354,350716,350751,351425,353428,356069,358030,364634,371427,369117,364405,365245,362257,357799,352601,347833,341837,335199,328324,321042,312660,na,na,na,na,na,na,na,na,na,315649,324000,333600,344000,352400,361800,370800,376800,382300,387700,391365,410600,414700,415700,414300,408600,403900,397000,388700,380300,364000,343000,322000,299143
    15 - 64 Years,2170803,2151008,2105874,2016289,1975158,2067483,2087334,2075068,2062143,2049897,2022377,1999213,1982748,1967657,1929387,1877679,1829455,1769354,1689960,1629258,1581672,1542321,1515654,1522862,1501335,1455016,1422911,1397801,1356436,1315496,1272057,1233794,1197674,1169597,1134010,1107055,na,na,na,na,na,na,na,na,na,803814,782800,760400,738700,716700,694400,670700,649000,625400,603400,582240,550600,530200,512700,494100,475900,458900,442800,426600,412200,400100,392000,378700,365311
    65 Years & Over,472186,451960,428478,400788,380474,370285,351431,332304,313537,296323,280333,264460,249455,234418,218728,210360,205392,196848,190000,182211,172236,162827,153392,152351,147651,142268,133938,128043,123215,118884,114744,110309,105796,101346,96752,93409,na,na,na,na,na,na,na,na,na,62722,60400,58200,55300,52900,50300,48600,45800,43600,40600,38775,34400,33000,31800,30200,28600,27300,25900,25400,23400,22700,21400,20500,18715
